Run,ReleaseDate,LoadDate,spots,bases,spots_with_mates,avgLength,size_MB,AssemblyName,download_path,Experiment,LibraryName,LibraryStrategy,LibrarySelection,LibrarySource,LibraryLayout,InsertSize,InsertDev,Platform,Model,SRAStudy,BioProject,Study_Pubmed_id,ProjectID,Sample,BioSample,SampleType,TaxID,ScientificName,SampleName,g1k_pop_code,source,g1k_analysis_group,Subject_ID,Sex,Disease,Tumor,Affection_Status,Analyte_Type,Histological_Type,Body_Site,CenterName,Submission,dbgap_study_accession,Consent,RunHash,ReadHash
SRR2051171,2016-06-02,2015-06-04,36355303,7271060600,36355303,200,4783,,http://sra-download.ncbi.nlm.nih.gov/srapub/SRR2051171,SRX1048627,ACO1_A,OTHER,unspecified,GENOMIC,PAIRED,0,0,ILLUMINA,Illumina HiSeq 2000,SRP059073,PRJNA285429,,285429,SRS953017,SAMN03757584,simple,7227,Drosophila melanogaster,ACO1,,,,,female,,no,,,,,"UNIVERSITY OF CALIFORNIA, IRVINE",SRA271055,,public,D2729D18E8E7FD469016056E707EF7F6,F81EF420D9701365713C160E8012267D
SRR2051172,2016-06-02,2015-06-04,36355303,7271060600,36355303,200,4783,,http://sra-download.ncbi.nlm.nih.gov/srapub/SRR2051172,SRX1048628,ACO1_B,OTHER,unspecified,GENOMIC,PAIRED,0,0,ILLUMINA,Illumina HiSeq 2000,SRP059073,PRJNA285429,,285429,SRS953017,SAMN03757584,simple,7227,Drosophila melanogaster,ACO1,,,,,female,,no,,,,,"UNIVERSITY OF CALIFORNIA, IRVINE",SRA271055,,public,D2729D18E8E7FD469016056E707EF7F6,F81EF420D9701365713C160E8012267D
SRR2051173,2016-06-02,2015-06-04,44972704,8994540800,44972704,200,5960,,http://sra-download.ncbi.nlm.nih.gov/srapub/SRR2051173,SRX1048629,ACO2_A,OTHER,unspecified,GENOMIC,PAIRED,0,0,ILLUMINA,Illumina HiSeq 2000,SRP059073,PRJNA285429,,285429,SRS953016,SAMN03757585,simple,7227,Drosophila melanogaster,ACO2,,,,,female,,no,,,,,"UNIVERSITY OF CALIFORNIA, IRVINE",SRA271055,,public,AFC590D730543DE7CEDD19096C3685FD,A20F60535A4F668E809DD276BB91D3EF
SRR2051174,2016-06-02,2015-06-04,33321952,6664390400,33321952,200,3818,,http://sra-download.ncbi.nlm.nih.gov/srapub/SRR2051174,SRX1048630,ACO2_B,OTHER,unspecified,GENOMIC,PAIRED,0,0,ILLUMINA,Illumina HiSeq 2000,SRP059073,PRJNA285429,,285429,SRS953016,SAMN03757585,simple,7227,Drosophila melanogaster,ACO2,,,,,female,,no,,,,,"UNIVERSITY OF CALIFORNIA, IRVINE",SRA271055,,public,786401BC9178758478B4E90308687EDC,D6D378173B3A71809A79DFE932AEC5B4
SRR2051175,2016-06-02,2015-06-04,47292280,9458456000,47292280,200,6245,,http://sra-download.ncbi.nlm.nih.gov/srapub/SRR2051175,SRX1048631,ACO3_A,OTHER,unspecified,GENOMIC,PAIRED,0,0,ILLUMINA,Illumina HiSeq 2000,SRP059073,PRJNA285429,,285429,SRS953015,SAMN03757586,simple,7227,Drosophila melanogaster,ACO3,,,,,female,,no,,,,,"UNIVERSITY OF CALIFORNIA, IRVINE",SRA271055,,public,C08478CA3919E8DA094F48A3D7AAAC66,0C131929EBBBC02E0B04B3279792FE0D
SRR2051176,2016-06-02,2015-06-04,34754591,6950918200,34754591,200,3978,,http://sra-download.ncbi.nlm.nih.gov/srapub/SRR2051176,SRX1048632,ACO3_B,OTHER,unspecified,GENOMIC,PAIRED,0,0,ILLUMINA,Illumina HiSeq 2000,SRP059073,PRJNA285429,,285429,SRS953015,SAMN03757586,simple,7227,Drosophila melanogaster,ACO3,,,,,female,,no,,,,,"UNIVERSITY OF CALIFORNIA, IRVINE",SRA271055,,public,86AB52288E462BE74522BBA89911AE8C,FD6149618448F885B9183DDC148CFBDD
SRR2051177,2016-06-02,2015-06-04,39732677,7946535400,39732677,200,5245,,http://sra-download.ncbi.nlm.nih.gov/srapub/SRR2051177,SRX1048633,ACO4_A,OTHER,unspecified,GENOMIC,PAIRED,0,0,ILLUMINA,Illumina HiSeq 2000,SRP059073,PRJNA285429,,285429,SRS953014,SAMN03757587,simple,7227,Drosophila melanogaster,ACO4,,,,,female,,no,,,,,"UNIVERSITY OF CALIFORNIA, IRVINE",SRA271055,,public,E3BA1CF4BD475CEC61343A538F3652A9,FAF45770058DACF7D946803698DE4582
SRR2051178,2016-06-02,2015-06-04,28395389,5679077800,28395389,200,3257,,http://sra-download.ncbi.nlm.nih.gov/srapub/SRR2051178,SRX1048634,ACO4_B,OTHER,unspecified,GENOMIC,PAIRED,0,0,ILLUMINA,Illumina HiSeq 2000,SRP059073,PRJNA285429,,285429,SRS953014,SAMN03757587,simple,7227,Drosophila melanogaster,ACO4,,,,,female,,no,,,,,"UNIVERSITY OF CALIFORNIA, IRVINE",SRA271055,,public,36985BC6D8268EB4EA1C2843576B75FE,208AA4A344D215F8DCCD7A4C09B4602F
SRR2051179,2016-06-02,2015-06-04,24013184,4802636800,24013184,200,3159,,http://sra-download.ncbi.nlm.nih.gov/srapub/SRR2051179,SRX1048635,ACO5_A,OTHER,unspecified,GENOMIC,PAIRED,0,0,ILLUMINA,Illumina HiSeq 2000,SRP059073,PRJNA285429,,285429,SRS953013,SAMN03757588,simple,7227,Drosophila melanogaster,ACO5,,,,,female,,no,,,,,"UNIVERSITY OF CALIFORNIA, IRVINE",SRA271055,,public,80111842208B6D0BFBF0A019AB656EFC,5CD1A08EB6A55BE1A77A0F15F244F13E
SRR2051180,2016-06-02,2015-06-04,17193675,3438735000,17193675,200,1966,,http://sra-download.ncbi.nlm.nih.gov/srapub/SRR2051180,SRX1048636,ACO5_B,OTHER,unspecified,GENOMIC,PAIRED,0,0,ILLUMINA,Illumina HiSeq 2000,SRP059073,PRJNA285429,,285429,SRS953013,SAMN03757588,simple,7227,Drosophila melanogaster,ACO5,,,,,female,,no,,,,,"UNIVERSITY OF CALIFORNIA, IRVINE",SRA271055,,public,99F120D8EBA478026F8A07E1CBBAD3CC,0362769A3F2F38A988FB630CF106C1F3
SRR2051181,2016-06-02,2015-06-04,28179699,5635939800,28179699,200,3721,,http://sra-download.ncbi.nlm.nih.gov/srapub/SRR2051181,SRX1048637,AO1_A,OTHER,unspecified,GENOMIC,PAIRED,0,0,ILLUMINA,Illumina HiSeq 2000,SRP059073,PRJNA285429,,285429,SRS953012,SAMN03757589,simple,7227,Drosophila melanogaster,AO1,,,,,female,,no,,,,,"UNIVERSITY OF CALIFORNIA, IRVINE",SRA271055,,public,52898C3DE549938A01793EE055B90D11,766B57D0008CA969F7B096156037897E
SRR2051182,2016-06-02,2015-06-04,18004696,3600939200,18004696,200,1986,,http://sra-download.ncbi.nlm.nih.gov/srapub/SRR2051182,SRX1048638,AO1_B,OTHER,unspecified,GENOMIC,PAIRED,0,0,ILLUMINA,Illumina HiSeq 2000,SRP059073,PRJNA285429,,285429,SRS953012,SAMN03757589,simple,7227,Drosophila melanogaster,AO1,,,,,female,,no,,,,,"UNIVERSITY OF CALIFORNIA, IRVINE",SRA271055,,public,05183B6022F6BD540022FC41DE8BD54C,E66BCAEAAA09B650B38CFABCD8393963
SRR2051183,2016-06-02,2015-06-04,52235081,10447016200,52235081,200,6863,,http://sra-download.ncbi.nlm.nih.gov/srapub/SRR2051183,SRX1048639,AO2_A,OTHER,unspecified,GENOMIC,PAIRED,0,0,ILLUMINA,Illumina HiSeq 2000,SRP059073,PRJNA285429,,285429,SRS953011,SAMN03757590,simple,7227,Drosophila melanogaster,AO2,,,,,female,,no,,,,,"UNIVERSITY OF CALIFORNIA, IRVINE",SRA271055,,public,44C79C80CC566CA94A8F754C61571367,3F3A2BA7AB78E98ADDB674B51CE88576
SRR2051184,2016-06-02,2015-06-04,33474496,6694899200,33474496,200,3682,,http://sra-download.ncbi.nlm.nih.gov/srapub/SRR2051184,SRX1048640,AO2_B,OTHER,unspecified,GENOMIC,PAIRED,0,0,ILLUMINA,Illumina HiSeq 2000,SRP059073,PRJNA285429,,285429,SRS953011,SAMN03757590,simple,7227,Drosophila melanogaster,AO2,,,,,female,,no,,,,,"UNIVERSITY OF CALIFORNIA, IRVINE",SRA271055,,public,ED4D579BBA89B25598064C9D7ACAA10F,384A566B7EE7EB223D218206CB495F53
SRR2051185,2016-06-02,2015-06-04,36080317,7216063400,36080317,200,4745,,http://sra-download.ncbi.nlm.nih.gov/srapub/SRR2051185,SRX1048641,AO3_A,OTHER,unspecified,GENOMIC,PAIRED,0,0,ILLUMINA,Illumina HiSeq 2000,SRP059073,PRJNA285429,,285429,SRS953010,SAMN03757591,simple,7227,Drosophila melanogaster,AO3,,,,,female,,no,,,,,"UNIVERSITY OF CALIFORNIA, IRVINE",SRA271055,,public,B0435E1C571B7B72ED278140E777A2C3,90D4A98B88CB13A652877E55C4CE2BE7
SRR2051186,2016-06-02,2015-06-04,22945743,4589148600,22945743,200,2519,,http://sra-download.ncbi.nlm.nih.gov/srapub/SRR2051186,SRX1048642,AO3_B,OTHER,unspecified,GENOMIC,PAIRED,0,0,ILLUMINA,Illumina HiSeq 2000,SRP059073,PRJNA285429,,285429,SRS953010,SAMN03757591,simple,7227,Drosophila melanogaster,AO3,,,,,female,,no,,,,,"UNIVERSITY OF CALIFORNIA, IRVINE",SRA271055,,public,EA1CBE3A1D6F8206DAF8CC223B2FBA8B,63B5E84B1BBE017F4C0C30DFF1630C8B
SRR2051187,2016-06-02,2015-06-04,38718209,7743641800,38718209,200,5150,,http://sra-download.ncbi.nlm.nih.gov/srapub/SRR2051187,SRX1048643,AO4_A,OTHER,unspecified,GENOMIC,PAIRED,0,0,ILLUMINA,Illumina HiSeq 2000,SRP059073,PRJNA285429,,285429,SRS953009,SAMN03757592,simple,7227,Drosophila melanogaster,AO4,,,,,female,,no,,,,,"UNIVERSITY OF CALIFORNIA, IRVINE",SRA271055,,public,24208B8E88CE6DEC22B87B78CD112F71,803076C673961A56557D367A8941BE10
SRR2051188,2016-06-02,2015-06-05,25856159,5171231800,25856159,200,2873,,http://sra-download.ncbi.nlm.nih.gov/srapub/SRR2051188,SRX1048644,AO4_B,OTHER,unspecified,GENOMIC,PAIRED,0,0,ILLUMINA,Illumina HiSeq 2000,SRP059073,PRJNA285429,,285429,SRS953009,SAMN03757592,simple,7227,Drosophila melanogaster,AO4,,,,,female,,no,,,,,"UNIVERSITY OF CALIFORNIA, IRVINE",SRA271055,,public,A79D5464C46F162FAE447CD9831184D9,0BEAA42016A4394F0A9E68C5F7489415
SRR2051189,2016-06-02,2015-06-05,43463007,8692601400,43463007,200,5772,,http://sra-download.ncbi.nlm.nih.gov/srapub/SRR2051189,SRX1048645,AO5_A,OTHER,unspecified,GENOMIC,PAIRED,0,0,ILLUMINA,Illumina HiSeq 2000,SRP059073,PRJNA285429,,285429,SRS953008,SAMN03757593,simple,7227,Drosophila melanogaster,AO5,,,,,female,,no,,,,,"UNIVERSITY OF CALIFORNIA, IRVINE",SRA271055,,public,E5CB3506474D4524AD4FE057DC7BB898,570C33EDE77A4DAFE4FEC9474E66F472
SRR2051190,2016-06-02,2015-06-04,28578742,5715748400,28578742,200,3144,,http://sra-download.ncbi.nlm.nih.gov/srapub/SRR2051190,SRX1048646,AO5_B,OTHER,unspecified,GENOMIC,PAIRED,0,0,ILLUMINA,Illumina HiSeq 2000,SRP059073,PRJNA285429,,285429,SRS953008,SAMN03757593,simple,7227,Drosophila melanogaster,AO5,,,,,female,,no,,,,,"UNIVERSITY OF CALIFORNIA, IRVINE",SRA271055,,public,B7ECCE8401CCED02D934AA5DD894ED3E,070307D3ADBC6C87983D93F046AB101C
SRR2051191,2016-06-02,2015-06-05,41005662,8201132400,41005662,200,5952,,http://sra-download.ncbi.nlm.nih.gov/srapub/SRR2051191,SRX1048647,B1_A,OTHER,unspecified,GENOMIC,PAIRED,0,0,ILLUMINA,Illumina HiSeq 2000,SRP059073,PRJNA285429,,285429,SRS953007,SAMN03757594,simple,7227,Drosophila melanogaster,B1,,,,,female,,no,,,,,"UNIVERSITY OF CALIFORNIA, IRVINE",SRA271055,,public,B1175C7760D581DB5B61673AA911A042,C7359EC20CE847E093C400113C5977BB
SRR2051192,2016-06-02,2015-06-05,25606780,5121356000,25606780,200,3207,,http://sra-download.ncbi.nlm.nih.gov/srapub/SRR2051192,SRX1048648,B1_B,OTHER,unspecified,GENOMIC,PAIRED,0,0,ILLUMINA,Illumina HiSeq 2000,SRP059073,PRJNA285429,,285429,SRS953007,SAMN03757594,simple,7227,Drosophila melanogaster,B1,,,,,female,,no,,,,,"UNIVERSITY OF CALIFORNIA, IRVINE",SRA271055,,public,F14FA9895E37C455B028E738CF22FFA5,9D9128EABD0190DA2F12B1763EB175EB
SRR2051193,2016-06-02,2015-06-05,30696544,6139308800,30696544,200,4466,,http://sra-download.ncbi.nlm.nih.gov/srapub/SRR2051193,SRX1048649,B2_A,OTHER,unspecified,GENOMIC,PAIRED,0,0,ILLUMINA,Illumina HiSeq 2000,SRP059073,PRJNA285429,,285429,SRS953006,SAMN03757595,simple,7227,Drosophila melanogaster,B2,,,,,female,,no,,,,,"UNIVERSITY OF CALIFORNIA, IRVINE",SRA271055,,public,FD2DAB2C5CB1D23A4D35445F292AD28F,D2E52C9BB9776E0E70CDA0389D9D622D
SRR2051194,2016-06-02,2015-06-05,19571361,3914272200,19571361,200,2462,,http://sra-download.ncbi.nlm.nih.gov/srapub/SRR2051194,SRX1048650,B2_B,OTHER,unspecified,GENOMIC,PAIRED,0,0,ILLUMINA,Illumina HiSeq 2000,SRP059073,PRJNA285429,,285429,SRS953006,SAMN03757595,simple,7227,Drosophila melanogaster,B2,,,,,female,,no,,,,,"UNIVERSITY OF CALIFORNIA, IRVINE",SRA271055,,public,6D3683797D23BE812F814FE384BB850D,8ECEC5D02A5602285F65F5A3851BA19A
SRR2051195,2016-06-02,2015-06-05,17285391,3457078200,17285391,200,2506,,http://sra-download.ncbi.nlm.nih.gov/srapub/SRR2051195,SRX1048651,B3_A,OTHER,unspecified,GENOMIC,PAIRED,0,0,ILLUMINA,Illumina HiSeq 2000,SRP059073,PRJNA285429,,285429,SRS953005,SAMN03757596,simple,7227,Drosophila melanogaster,B3,,,,,female,,no,,,,,"UNIVERSITY OF CALIFORNIA, IRVINE",SRA271055,,public,C4F7105F2C0E99F48CAFD6FD31B8D62D,03A01E95DF784CD9D1F6664A94C0FEF8
SRR2051196,2016-06-02,2015-06-05,9531965,1906393000,9531965,200,1152,,http://sra-download.ncbi.nlm.nih.gov/srapub/SRR2051196,SRX1048652,B3_B,OTHER,unspecified,GENOMIC,PAIRED,0,0,ILLUMINA,Illumina HiSeq 2000,SRP059073,PRJNA285429,,285429,SRS953005,SAMN03757596,simple,7227,Drosophila melanogaster,B3,,,,,female,,no,,,,,"UNIVERSITY OF CALIFORNIA, IRVINE",SRA271055,,public,78263D5C91FB10164F1C52CAF81661AC,470AC62DD43197A724A64783580D9FB3
SRR2051197,2016-06-02,2015-06-05,50196063,10039212600,50196063,200,7276,,http://sra-download.ncbi.nlm.nih.gov/srapub/SRR2051197,SRX1048653,B4_A,OTHER,unspecified,GENOMIC,PAIRED,0,0,ILLUMINA,Illumina HiSeq 2000,SRP059073,PRJNA285429,,285429,SRS953004,SAMN03757597,simple,7227,Drosophila melanogaster,B4,,,,,female,,no,,,,,"UNIVERSITY OF CALIFORNIA, IRVINE",SRA271055,,public,DB9566A59C272FE5D5204638E3CF91FA,38348DA14A19B982C792EC39B274AE3F
SRR2051198,2016-06-02,2015-06-05,33615685,6723137000,33615685,200,4269,,http://sra-download.ncbi.nlm.nih.gov/srapub/SRR2051198,SRX1048654,B4_B,OTHER,unspecified,GENOMIC,PAIRED,0,0,ILLUMINA,Illumina HiSeq 2000,SRP059073,PRJNA285429,,285429,SRS953004,SAMN03757597,simple,7227,Drosophila melanogaster,B4,,,,,female,,no,,,,,"UNIVERSITY OF CALIFORNIA, IRVINE",SRA271055,,public,B3C100E072A562FCBA916C6D09B840E8,2B57615D4BCF4F78F8B635EAC5C0E96F
SRR2051199,2016-06-02,2015-06-05,35019309,7003861800,35019309,200,5076,,http://sra-download.ncbi.nlm.nih.gov/srapub/SRR2051199,SRX1048655,B5_A,OTHER,unspecified,GENOMIC,PAIRED,0,0,ILLUMINA,Illumina HiSeq 2000,SRP059073,PRJNA285429,,285429,SRS953003,SAMN03757598,simple,7227,Drosophila melanogaster,B5,,,,,female,,no,,,,,"UNIVERSITY OF CALIFORNIA, IRVINE",SRA271055,,public,1D148F42555A77056CC724C452AF9A6D,D4BC296C521103FC76760A43AF9D7C93
SRR2051200,2016-06-02,2015-06-09,22500806,4500161200,22500806,200,2804,,http://sra-download.ncbi.nlm.nih.gov/srapub/SRR2051200,SRX1048656,B5_B,OTHER,unspecified,GENOMIC,PAIRED,0,0,ILLUMINA,Illumina HiSeq 2000,SRP059073,PRJNA285429,,285429,SRS953003,SAMN03757598,simple,7227,Drosophila melanogaster,B5,,,,,female,,no,,,,,"UNIVERSITY OF CALIFORNIA, IRVINE",SRA271055,,public,5EFF057F829F1AFDCE9D411462F86B54,14E77E268F2896986585ED6C7848DA8D
SRR2051201,2016-06-02,2015-06-05,44165908,8833181600,44165908,200,6405,,http://sra-download.ncbi.nlm.nih.gov/srapub/SRR2051201,SRX1048657,BO1_A,OTHER,unspecified,GENOMIC,PAIRED,0,0,ILLUMINA,Illumina HiSeq 2000,SRP059073,PRJNA285429,,285429,SRS953002,SAMN03757599,simple,7227,Drosophila melanogaster,BO1,,,,,female,,no,,,,,"UNIVERSITY OF CALIFORNIA, IRVINE",SRA271055,,public,729541C5CBF3FCDE1EDD18BB13231D2E,AD9C587814A2956FD10EB5F00F7DAF5C
SRR2051202,2016-06-02,2015-06-05,28422152,5684430400,28422152,200,3553,,http://sra-download.ncbi.nlm.nih.gov/srapub/SRR2051202,SRX1048658,BO1_B,OTHER,unspecified,GENOMIC,PAIRED,0,0,ILLUMINA,Illumina HiSeq 2000,SRP059073,PRJNA285429,,285429,SRS953002,SAMN03757599,simple,7227,Drosophila melanogaster,BO1,,,,,female,,no,,,,,"UNIVERSITY OF CALIFORNIA, IRVINE",SRA271055,,public,05D8EE0B101083CDFFA550BDBE7BD844,9F61C0F02384524DF502C3D9C3B7CA26
SRR2051203,2016-06-02,2015-06-05,25500547,5100109400,25500547,200,3712,,http://sra-download.ncbi.nlm.nih.gov/srapub/SRR2051203,SRX1048659,BO2_A,OTHER,unspecified,GENOMIC,PAIRED,0,0,ILLUMINA,Illumina HiSeq 2000,SRP059073,PRJNA285429,,285429,SRS953001,SAMN03757600,simple,7227,Drosophila melanogaster,BO2,,,,,female,,no,,,,,"UNIVERSITY OF CALIFORNIA, IRVINE",SRA271055,,public,3F3567A7064DFA3E126DB238459647EE,C093929BA79F901BDB61A5137A704894
SRR2051204,2016-06-02,2015-06-05,15206674,3041334800,15206674,200,1876,,http://sra-download.ncbi.nlm.nih.gov/srapub/SRR2051204,SRX1048660,BO2_B,OTHER,unspecified,GENOMIC,PAIRED,0,0,ILLUMINA,Illumina HiSeq 2000,SRP059073,PRJNA285429,,285429,SRS953001,SAMN03757600,simple,7227,Drosophila melanogaster,BO2,,,,,female,,no,,,,,"UNIVERSITY OF CALIFORNIA, IRVINE",SRA271055,,public,FD9EC9FB77B92B19B7EECD42BD2528AA,5F125ACC77E1997F36F15C62F4323595
SRR2051205,2016-06-02,2015-06-05,26250376,5250075200,26250376,200,3817,,http://sra-download.ncbi.nlm.nih.gov/srapub/SRR2051205,SRX1048661,BO3_A,OTHER,unspecified,GENOMIC,PAIRED,0,0,ILLUMINA,Illumina HiSeq 2000,SRP059073,PRJNA285429,,285429,SRS953000,SAMN03757601,simple,7227,Drosophila melanogaster,BO3,,,,,female,,no,,,,,"UNIVERSITY OF CALIFORNIA, IRVINE",SRA271055,,public,FD008823D163B558F04279CCF5A0C034,E799297D9448D970591F26E987B3C830
SRR2051206,2016-06-02,2015-06-09,14452060,2890412000,14452060,200,1763,,http://sra-download.ncbi.nlm.nih.gov/srapub/SRR2051206,SRX1048662,BO3_B,OTHER,unspecified,GENOMIC,PAIRED,0,0,ILLUMINA,Illumina HiSeq 2000,SRP059073,PRJNA285429,,285429,SRS953000,SAMN03757601,simple,7227,Drosophila melanogaster,BO3,,,,,female,,no,,,,,"UNIVERSITY OF CALIFORNIA, IRVINE",SRA271055,,public,D2F3305533089B052243507364FB283A,D009E9FD137679BA342F6F60C334AB07
SRR2051207,2016-06-02,2015-06-05,36308174,7261634800,36308174,200,5272,,http://sra-download.ncbi.nlm.nih.gov/srapub/SRR2051207,SRX1048663,BO4_A,OTHER,unspecified,GENOMIC,PAIRED,0,0,ILLUMINA,Illumina HiSeq 2000,SRP059073,PRJNA285429,,285429,SRS952999,SAMN03757602,simple,7227,Drosophila melanogaster,BO4,,,,,female,,no,,,,,"UNIVERSITY OF CALIFORNIA, IRVINE",SRA271055,,public,2E6FC846584656FE4A1EEC5196A5B824,B9111FFCB864946F1D23D3827E7F9369
SRR2051208,2016-06-02,2015-06-05,22619208,4523841600,22619208,200,2806,,http://sra-download.ncbi.nlm.nih.gov/srapub/SRR2051208,SRX1048664,BO4_B,OTHER,unspecified,GENOMIC,PAIRED,0,0,ILLUMINA,Illumina HiSeq 2000,SRP059073,PRJNA285429,,285429,SRS952999,SAMN03757602,simple,7227,Drosophila melanogaster,BO4,,,,,female,,no,,,,,"UNIVERSITY OF CALIFORNIA, IRVINE",SRA271055,,public,AE4BDB1358CC5F99ADBED18E08DEDB51,E2B38E9993C8303961CFFA3FFA2E7C0A
SRR2051209,2016-06-02,2015-06-05,29824161,5964832200,29824161,200,4342,,http://sra-download.ncbi.nlm.nih.gov/srapub/SRR2051209,SRX1048665,BO5_A,OTHER,unspecified,GENOMIC,PAIRED,0,0,ILLUMINA,Illumina HiSeq 2000,SRP059073,PRJNA285429,,285429,SRS952998,SAMN03757603,simple,7227,Drosophila melanogaster,BO5,,,,,female,,no,,,,,"UNIVERSITY OF CALIFORNIA, IRVINE",SRA271055,,public,AAD7E246A984891E3B3A41E2E411ECB7,DDE64AC05BA0D90EF69B89B9596AE04B
SRR2051210,2016-06-02,2015-06-05,19054602,3810920400,19054602,200,2393,,http://sra-download.ncbi.nlm.nih.gov/srapub/SRR2051210,SRX1048666,BO5_B,OTHER,unspecified,GENOMIC,PAIRED,0,0,ILLUMINA,Illumina HiSeq 2000,SRP059073,PRJNA285429,,285429,SRS952998,SAMN03757603,simple,7227,Drosophila melanogaster,BO5,,,,,female,,no,,,,,"UNIVERSITY OF CALIFORNIA, IRVINE",SRA271055,,public,47896A42FCD20AC5C0046BB3F1F5B9D1,AC081BBDF677D67EFA094388F31D2FEF
SRR2051211,2016-06-02,2015-06-05,20310962,4062192400,20310962,200,2971,,http://sra-download.ncbi.nlm.nih.gov/srapub/SRR2051211,SRX1048667,CO1_A,OTHER,unspecified,GENOMIC,PAIRED,0,0,ILLUMINA,Illumina HiSeq 2000,SRP059073,PRJNA285429,,285429,SRS952997,SAMN03757604,simple,7227,Drosophila melanogaster,CO1,,,,,female,,no,,,,,"UNIVERSITY OF CALIFORNIA, IRVINE",SRA271055,,public,ECA74564D1ACB58CBBDAB7DF851AFC5C,DAAA4BD3DE352C429EE8494842AA5C2A
SRR2051212,2016-06-02,2015-06-05,21048854,4209770800,21048854,200,2384,,http://sra-download.ncbi.nlm.nih.gov/srapub/SRR2051212,SRX1048668,CO1_B,OTHER,unspecified,GENOMIC,PAIRED,0,0,ILLUMINA,Illumina HiSeq 2000,SRP059073,PRJNA285429,,285429,SRS952997,SAMN03757604,simple,7227,Drosophila melanogaster,CO1,,,,,female,,no,,,,,"UNIVERSITY OF CALIFORNIA, IRVINE",SRA271055,,public,662976AC249F02828319D445BD483CE8,84742A95B8CB1B2C2598166EF8891E57
SRR2051213,2016-06-02,2015-06-05,40621383,8124276600,40621383,200,5924,,http://sra-download.ncbi.nlm.nih.gov/srapub/SRR2051213,SRX1048669,CO2_A,OTHER,unspecified,GENOMIC,PAIRED,0,0,ILLUMINA,Illumina HiSeq 2000,SRP059073,PRJNA285429,,285429,SRS952996,SAMN03757605,simple,7227,Drosophila melanogaster,CO2,,,,,female,,no,,,,,"UNIVERSITY OF CALIFORNIA, IRVINE",SRA271055,,public,D2A364EB66001F5362DA3993D7455F62,2ACE57AEF8811A3C98488F7189A2BAE0
SRR2051214,2016-06-02,2015-06-05,41428388,8285677600,41428388,200,4682,,http://sra-download.ncbi.nlm.nih.gov/srapub/SRR2051214,SRX1048670,CO2_B,OTHER,unspecified,GENOMIC,PAIRED,0,0,ILLUMINA,Illumina HiSeq 2000,SRP059073,PRJNA285429,,285429,SRS952996,SAMN03757605,simple,7227,Drosophila melanogaster,CO2,,,,,female,,no,,,,,"UNIVERSITY OF CALIFORNIA, IRVINE",SRA271055,,public,79FDE23034A2F0E1A27BD1C7EB44884E,0BBDA073412B02033B6EDA4FA1A17D1C
SRR2051215,2016-06-02,2015-06-05,46736636,9347327200,46736636,200,6811,,http://sra-download.ncbi.nlm.nih.gov/srapub/SRR2051215,SRX1048671,CO3_A,OTHER,unspecified,GENOMIC,PAIRED,0,0,ILLUMINA,Illumina HiSeq 2000,SRP059073,PRJNA285429,,285429,SRS952995,SAMN03757606,simple,7227,Drosophila melanogaster,CO3,,,,,female,,no,,,,,"UNIVERSITY OF CALIFORNIA, IRVINE",SRA271055,,public,C48A9536CAB88621E1A0546C0FF4E6DC,76FDBD896E1C01E82E2336E500EE6964
SRR2051216,2016-06-02,2015-06-05,47042276,9408455200,47042276,200,5330,,http://sra-download.ncbi.nlm.nih.gov/srapub/SRR2051216,SRX1048672,CO3_B,OTHER,unspecified,GENOMIC,PAIRED,0,0,ILLUMINA,Illumina HiSeq 2000,SRP059073,PRJNA285429,,285429,SRS952995,SAMN03757606,simple,7227,Drosophila melanogaster,CO3,,,,,female,,no,,,,,"UNIVERSITY OF CALIFORNIA, IRVINE",SRA271055,,public,F9385D0209B654A6627FBFCE041B8B0D,2903FBDD62D4EF605BF0FE383D343725
SRR2051217,2016-06-02,2015-06-05,31577964,6315592800,31577964,200,4609,,http://sra-download.ncbi.nlm.nih.gov/srapub/SRR2051217,SRX1048673,CO4_A,OTHER,unspecified,GENOMIC,PAIRED,0,0,ILLUMINA,Illumina HiSeq 2000,SRP059073,PRJNA285429,,285429,SRS952994,SAMN03757607,simple,7227,Drosophila melanogaster,CO4,,,,,female,,no,,,,,"UNIVERSITY OF CALIFORNIA, IRVINE",SRA271055,,public,DF700BCC27A9CE5C7DEF8DE91E0FE16E,296DACA0AA2E82B2BB2E3BFC3E2D7B60
SRR2051218,2016-06-02,2015-06-05,32648012,6529602400,32648012,200,3694,,http://sra-download.ncbi.nlm.nih.gov/srapub/SRR2051218,SRX1048674,CO4_B,OTHER,unspecified,GENOMIC,PAIRED,0,0,ILLUMINA,Illumina HiSeq 2000,SRP059073,PRJNA285429,,285429,SRS952994,SAMN03757607,simple,7227,Drosophila melanogaster,CO4,,,,,female,,no,,,,,"UNIVERSITY OF CALIFORNIA, IRVINE",SRA271055,,public,53D1C300DC2B7C4DA235EAADBC8225B0,60F11865844D88C116DA111E8D15135E
SRR2051219,2016-06-02,2015-06-05,10616262,2123252400,10616262,200,1552,,http://sra-download.ncbi.nlm.nih.gov/srapub/SRR2051219,SRX1048675,CO5_A,OTHER,unspecified,GENOMIC,PAIRED,0,0,ILLUMINA,Illumina HiSeq 2000,SRP059073,PRJNA285429,,285429,SRS952993,SAMN03757608,simple,7227,Drosophila melanogaster,CO5,,,,,female,,no,,,,,"UNIVERSITY OF CALIFORNIA, IRVINE",SRA271055,,public,C9A0554B4B6430D13C10A5EF673CD97C,AE61AD56C51B9ADDD12D28A9CBBC016D
SRR2051220,2016-06-02,2015-06-05,11689743,2337948600,11689743,200,1318,,http://sra-download.ncbi.nlm.nih.gov/srapub/SRR2051220,SRX1048676,CO5_B,OTHER,unspecified,GENOMIC,PAIRED,0,0,ILLUMINA,Illumina HiSeq 2000,SRP059073,PRJNA285429,,285429,SRS952993,SAMN03757608,simple,7227,Drosophila melanogaster,CO5,,,,,female,,no,,,,,"UNIVERSITY OF CALIFORNIA, IRVINE",SRA271055,,public,66B55B9FC982E3319D6CE6476286FFDC,8CF338B105EC1DD2EADD410DB6DCD81A
SRR2051221,2016-06-02,2015-06-05,45824129,9164825800,45824129,200,6643,,http://sra-download.ncbi.nlm.nih.gov/srapub/SRR2051221,SRX1048677,nCO1_A,OTHER,unspecified,GENOMIC,PAIRED,0,0,ILLUMINA,Illumina HiSeq 2000,SRP059073,PRJNA285429,,285429,SRS952992,SAMN03757609,simple,7227,Drosophila melanogaster,nCO1,,,,,female,,no,,,,,"UNIVERSITY OF CALIFORNIA, IRVINE",SRA271055,,public,F17F4CE2F4ADC02D0E80240A27310074,6AD7162EBD74C34D5A6BF42C229613C9
SRR2051222,2016-06-02,2015-06-05,46178210,9235642000,46178210,200,5983,,http://sra-download.ncbi.nlm.nih.gov/srapub/SRR2051222,SRX1048678,nCO1_B,OTHER,unspecified,GENOMIC,PAIRED,0,0,ILLUMINA,Illumina HiSeq 2000,SRP059073,PRJNA285429,,285429,SRS952992,SAMN03757609,simple,7227,Drosophila melanogaster,nCO1,,,,,female,,no,,,,,"UNIVERSITY OF CALIFORNIA, IRVINE",SRA271055,,public,D385D32146920E854C4E63899E2789E5,89601C351A7CE725FA340C78F4BA9E03
SRR2051223,2016-06-02,2015-06-05,27259791,5451958200,27259791,200,3966,,http://sra-download.ncbi.nlm.nih.gov/srapub/SRR2051223,SRX1048679,nCO2_A,OTHER,unspecified,GENOMIC,PAIRED,0,0,ILLUMINA,Illumina HiSeq 2000,SRP059073,PRJNA285429,,285429,SRS952991,SAMN03757610,simple,7227,Drosophila melanogaster,nCO2,,,,,female,,no,,,,,"UNIVERSITY OF CALIFORNIA, IRVINE",SRA271055,,public,07B54855452BFC82136CA1DBAD2A98F0,59789211E313EDB276E227A38F0D51F1
SRR2051224,2016-06-02,2015-06-05,25353793,5070758600,25353793,200,3221,,http://sra-download.ncbi.nlm.nih.gov/srapub/SRR2051224,SRX1048680,nCO2_B,OTHER,unspecified,GENOMIC,PAIRED,0,0,ILLUMINA,Illumina HiSeq 2000,SRP059073,PRJNA285429,,285429,SRS952991,SAMN03757610,simple,7227,Drosophila melanogaster,nCO2,,,,,female,,no,,,,,"UNIVERSITY OF CALIFORNIA, IRVINE",SRA271055,,public,F4B44C59102F05E3398A4A2A9996F9C2,29C737A7835928AA47B5C2544B9827B9
SRR2051225,2016-06-02,2015-06-05,27589782,5517956400,27589782,200,4024,,http://sra-download.ncbi.nlm.nih.gov/srapub/SRR2051225,SRX1048681,nCO3_A,OTHER,unspecified,GENOMIC,PAIRED,0,0,ILLUMINA,Illumina HiSeq 2000,SRP059073,PRJNA285429,,285429,SRS952990,SAMN03757611,simple,7227,Drosophila melanogaster,nCO3,,,,,female,,no,,,,,"UNIVERSITY OF CALIFORNIA, IRVINE",SRA271055,,public,EB3A29DB79B3CD066FD2CFD97979753F,CCDE1DCFC06AB02D82207D53177FE7DD
SRR2051226,2016-06-02,2015-06-05,26036905,5207381000,26036905,200,3305,,http://sra-download.ncbi.nlm.nih.gov/srapub/SRR2051226,SRX1048682,nCO3_B,OTHER,unspecified,GENOMIC,PAIRED,0,0,ILLUMINA,Illumina HiSeq 2000,SRP059073,PRJNA285429,,285429,SRS952990,SAMN03757611,simple,7227,Drosophila melanogaster,nCO3,,,,,female,,no,,,,,"UNIVERSITY OF CALIFORNIA, IRVINE",SRA271055,,public,074390173584EB12A94AFE999CA92A61,22BA7D756E4B8C8CC69A6029552C107C
SRR2051227,2016-06-02,2015-06-05,41492990,8298598000,41492990,200,6037,,http://sra-download.ncbi.nlm.nih.gov/srapub/SRR2051227,SRX1048683,nCO4_A,OTHER,unspecified,GENOMIC,PAIRED,0,0,ILLUMINA,Illumina HiSeq 2000,SRP059073,PRJNA285429,,285429,SRS952989,SAMN03757612,simple,7227,Drosophila melanogaster,nCO4,,,,,female,,no,,,,,"UNIVERSITY OF CALIFORNIA, IRVINE",SRA271055,,public,237302A2E238CDDCC40D2838731F7232,EB2C197A5ABEDB09C84822399160A3F8
SRR2051228,2016-06-02,2015-06-05,41970928,8394185600,41970928,200,5415,,http://sra-download.ncbi.nlm.nih.gov/srapub/SRR2051228,SRX1048684,nCO4_B,OTHER,unspecified,GENOMIC,PAIRED,0,0,ILLUMINA,Illumina HiSeq 2000,SRP059073,PRJNA285429,,285429,SRS952989,SAMN03757612,simple,7227,Drosophila melanogaster,nCO4,,,,,female,,no,,,,,"UNIVERSITY OF CALIFORNIA, IRVINE",SRA271055,,public,79069435ACBE619F602ABA8690F4647E,CEAEBB50C9146D6A547068A498F5F1AC
SRR2051229,2016-06-02,2015-06-05,23047535,4609507000,23047535,200,3351,,http://sra-download.ncbi.nlm.nih.gov/srapub/SRR2051229,SRX1048685,nCO5_A,OTHER,unspecified,GENOMIC,PAIRED,0,0,ILLUMINA,Illumina HiSeq 2000,SRP059073,PRJNA285429,,285429,SRS952988,SAMN03757613,simple,7227,Drosophila melanogaster,nCO5,,,,,female,,no,,,,,"UNIVERSITY OF CALIFORNIA, IRVINE",SRA271055,,public,D1EB311A61453E4F345959C5FEB783E2,09398795A6CF133ED75F759490A48832
SRR2051230,2016-06-02,2015-06-05,21629020,4325804000,21629020,200,2748,,http://sra-download.ncbi.nlm.nih.gov/srapub/SRR2051230,SRX1048686,nCO5_B,OTHER,unspecified,GENOMIC,PAIRED,0,0,ILLUMINA,Illumina HiSeq 2000,SRP059073,PRJNA285429,,285429,SRS952988,SAMN03757613,simple,7227,Drosophila melanogaster,nCO5,,,,,female,,no,,,,,"UNIVERSITY OF CALIFORNIA, IRVINE",SRA271055,,public,E4BEFC79ED3C6C5476CAD1387BEAAB61,F01A74ED8B586C8E2C88837F77F70DEE

